Task Name,Task Group,Description,Assignee,Start Date,Due Date,Status,Tags
1 Technical or scientific Expertise,LB (PB1) EDEYPY,"Deliverable: 1.1 | Project preparation, consortium establishment, and pro | Procedure: DIRECT | Cost category: 24|Δαπάνες προσωπικού (κατ' αποκοπή κόστ | Budget ex VAT: 2,016.13 | Days late: 253",LB (PB1) EDEYPY,2025-12-15,2026-01-12,In Progress,CC24;DIRECT;LATE
2 1. Administrative management support,LB (PB1) EDEYPY,"Deliverable: 1.2 | Administrative Management | Procedure: DIRECT | Cost category: 24|Δαπάνες προσωπικού (κατ' αποκοπή κόστ | Budget ex VAT: 17,741.94",LB (PB1) EDEYPY,2026-04-15,2026-05-15,Completed,CC24;DIRECT
3 1. Communication manager/Dissemination material,LB (PB1) EDEYPY,"Deliverable: 2.1 | Public Awareness Campaign Launch | Procedure: DIRECT | Cost category: 24|Δαπάνες προσωπικού (κατ' αποκοπή κόστ | Budget ex VAT: 27,822.58",LB (PB1) EDEYPY,2026-06-01,2026-07-01,To Do,CC24;DIRECT
4 Technical or scientific Expertise,LB (PB1) EDEYPY,"Deliverable: 3.1 | Technical Requirements and System Configuration | Procedure: OPEN under the limits (s. Guidelines) | Cost category: 24|Δαπάνες προσωπικού (κατ' αποκοπή κόστ | Budget ex VAT: 74,009.68",LB (PB1) EDEYPY,2026-08-01,2026-10-01,In Progress,CC24;OPEN
5 Technical or scientific Expertise,LB (PB1) EDEYPY,"Deliverable: 6.1 | EVENT ORGANISATION OUTSIDE THE ELIGIBLE AREA (THESSALO | Procedure: DIRECT | Cost category: 24|Δαπάνες προσωπικού (κατ' αποκοπή κόστ | Budget ex VAT: 6,451.61",LB (PB1) EDEYPY,2026-09-01,2026-10-01,Completed,CC24;DIRECT
6 Supply of equipment (IT hardware and software),LB (PB1) EDEYPY,"Deliverable: 2.2 | Organization of Training Workshops | Procedure: DIRECT | Cost category: 24|Δαπάνες προσωπικού (κατ' αποκοπή κόστ | Budget ex VAT: 10,080.65 | Days late: 83",LB (PB1) EDEYPY,2026-06-01,2026-07-01,In Progress,CC24;DIRECT;LATE
7 external technical support staff will be contracted to assist in the Closure Meeting and the presentation of,PB2 Regional Council of Vlore,"Deliverable: 1.3 | Technical Management | Procedure: IPA SERVICE <20000>2500 | Cost category: 24|Δαπάνες προσωπικού (κατ' αποκοπή κόστ | Budget ex VAT: 10,100.00 | Days late: 134",PB2 Regional Council of Vlore,2026-03-31,2026-05-11,In Progress,CC24;IPA SERVICE;LATE
8 Engaging experts to analyze the technical needs of rural clinics and define equipment specifications.,PB2 Regional Council of Vlore,"Deliverable: 3.1 | Technical Requirements and System Configuration | Procedure: IPA SERVICE <20000>2500 | Cost category: 24|Δαπάνες προσωπικού (κατ' αποκοπή κόστ | Budget ex VAT: 8,000.00 | Days late: 18",PB2 Regional Council of Vlore,2026-07-30,2026-09-04,In Progress,CC24;IPA SERVICE;LATE
9 Medical staff members will conduct 25 visits for routine health assessments to remote villages in the Munici,PB2 Regional Council of Vlore,"Deliverable: 4.1 | Scheduling of Specialized Medical Visits | Procedure: IPA SERVICE <20000>2500 | Cost category: 24|Δαπάνες προσωπικού (κατ' αποκοπή κόστ | Budget ex VAT: 40,000.00 | Days late: 84",PB2 Regional Council of Vlore,2026-05-12,2026-06-30,In Progress,CC24;IPA SERVICE;LATE
10 External expertise needed for specialized administrative services such as legal support for contract manage,PB2 Regional Council of Vlore,"Deliverable: 1.2 | Administrative Management | Procedure: IPA SERVICE >20000 & <300000 | Cost category: 24|Δαπάνες προσωπικού (κατ' αποκοπή κόστ | Budget ex VAT: 6,000.00 | Days late: 160",PB2 Regional Council of Vlore,2026-03-03,2026-04-15,In Progress,CC24;IPA SERVICE >20000;LATE
11 1. Cardiac Ultrasound (Echocardiography Machine),PB2 Regional Council of Vlore,"Deliverable: 3.2 | Equipment Procurement | Procedure: IPA SUPPLY >20000 & <100000 | Cost category: 24|Δαπάνες προσωπικού (κατ' αποκοπή κόστ | Budget ex VAT: 60,000.00 | Days late: 7",PB2 Regional Council of Vlore,2026-07-22,2026-09-15,In Progress,CC24;IPA SUPPLY >20000;LATE
12 Hiring experts to conduct system validation and provide technical assessments of the telemedicine platform ,PB2 Regional Council of Vlore,"Deliverable: 3.4 | Testing and Validation | Procedure: DIRECT | Cost category: 24|Δαπάνες προσωπικού (κατ' αποκοπή κόστ | Budget ex VAT: 3,000.00",PB2 Regional Council of Vlore,2026-09-01,2026-10-01,To Do,CC24;DIRECT
13 Engaging specialists for diagnostics and treatmen,PB2 Regional Council of Vlore,"Deliverable: 4.2 | Facilitation of Face-to-Face Consultations | Procedure: IPA SERVICE >20000 & <300000 | Cost category: 24|Δαπάνες προσωπικού (κατ' αποκοπή κόστ | Budget ex VAT: 25,000.00",PB2 Regional Council of Vlore,2026-09-10,2026-10-20,To Do,CC24;IPA SERVICE >20000
14 1 external consultant with experience in health project sustainability and EU-funded programme planning.,PB2 Regional Council of Vlore,"Deliverable: 5.1 | Sustainability Plan Development | Procedure: IPA SERVICE <20000>2500 | Cost category: 24|Δαπάνες προσωπικού (κατ' αποκοπή κόστ | Budget ex VAT: 8,500.00",PB2 Regional Council of Vlore,2027-03-01,2027-04-05,To Do,CC24;IPA SERVICE
15 Supports the coordination of local needs for E-learning training session and ensures active participation f,PB2 Regional Council of Vlore,"Deliverable: 4.3 | Capacity-Building Training Sessions | Procedure: IPA SERVICE <20000>2500 | Cost category: 24|Δαπάνες προσωπικού (κατ' αποκοπή κόστ | Budget ex VAT: 4,000.00",PB2 Regional Council of Vlore,2027-05-10,2027-06-04,To Do,CC24;IPA SERVICE
16 To ensure the effectiveness and continuous improvement of the training activities delivered under the proje,PB2 Regional Council of Vlore,"Deliverable: 4.4 | Monitoring and Evaluation of Training Impact | Procedure: IPA SERVICE <20000>2500 | Cost category: 24|Δαπάνες προσωπικού (κατ' αποκοπή κόστ | Budget ex VAT: 3,000.00",PB2 Regional Council of Vlore,2027-06-14,2027-07-12,To Do,CC24;IPA SERVICE
17 Technical or Scientific experise,PB3 General Hospital of Filiates,"Deliverable: 1.2 | Administrative Management | Procedure: DIRECT | Cost category: 24|Δαπάνες προσωπικού (κατ' αποκοπή κόστ | Budget ex VAT: 12,096.77",PB3 General Hospital of Filiates,2026-04-15,2026-05-15,Completed,CC24;DIRECT
18 Event organisation,PB3 General Hospital of Filiates,"Deliverable: 2.2 | Organization of Training Workshops | Procedure: DIRECT | Cost category: 24|Δαπάνες προσωπικού (κατ' αποκοπή κόστ | Budget ex VAT: 6,774.19 | Days late: 174",PB3 General Hospital of Filiates,2026-04-01,2026-04-01,In Progress,CC24;DIRECT;LATE
19 Technical or Scientific experise,PB3 General Hospital of Filiates,"Deliverable: 3.1 | Technical Requirements and System Configuration | Procedure: DIRECT | Cost category: 24|Δαπάνες προσωπικού (κατ' αποκοπή κόστ | Budget ex VAT: 22,177.42 | Days late: 21 | Blocked: It will not be implemented (MA comments)",PB3 General Hospital of Filiates,2026-08-03,2026-09-01,Blocked,CC24;DIRECT;LATE
20 Supply of equipment,PB3 General Hospital of Filiates,"Deliverable: 3.2 | Equipment Procurement | Procedure: OPEN under the limits (s. Guidelines) | Cost category: 24|Δαπάνες προσωπικού (κατ' αποκοπή κόστ | Budget ex VAT: 96,774.19 | Blocked: Submitted for Pre-Approval",PB3 General Hospital of Filiates,2026-06-01,2026-10-01,Blocked,CC24;OPEN
21 Medical staff members will conduct visits for routine health assessments to remote villages in the Municipa,PB3 General Hospital of Filiates,"Deliverable: 4.1 | Scheduling of Specialized Medical Visits | Procedure: DIRECT | Cost category: 24|Δαπάνες προσωπικού (κατ' αποκοπή κόστ | Budget ex VAT: 20,161.29",PB3 General Hospital of Filiates,2026-09-01,2026-10-01,To Do,CC24;DIRECT
22 Technical or scientific Expertise,PB4 ATHENA R.C.,"Deliverable: 1.2 | Administrative Management | Procedure: DIRECT | Cost category: 24|Δαπάνες προσωπικού (κατ' αποκοπή κόστ | Budget ex VAT: 3,548.39 | Days late: 159",PB4 ATHENA R.C.,2026-03-30,2026-04-16,In Progress,CC24;DIRECT;LATE
23 Communication/Dissemination material,PB4 ATHENA R.C.,"Deliverable: 2.5 | Media Engagement and Social Media Campaigns | Procedure: DIRECT | Cost category: 25|Δαπάνες προσωπικού (πραγματικό κόστος | Budget ex VAT: 3,735.48",PB4 ATHENA R.C.,2026-03-30,2026-04-16,Completed,CC25;DIRECT
24 Technical or scientific Expertise,PB4 ATHENA R.C.,"Deliverable: 3.5 | Integration with Healthcare Systems | Procedure: DIRECT | Cost category: 24|Δαπάνες προσωπικού (κατ' αποκοπή κόστ | Budget ex VAT: 8,064.52 | Days late: 159",PB4 ATHENA R.C.,2026-03-30,2026-04-16,In Progress,CC24;DIRECT;LATE
25 Technical or scientific Expertise,PB4 ATHENA R.C.,"Deliverable: 5.1 | Sustainability Plan Development | Procedure: DIRECT | Cost category: 24|Δαπάνες προσωπικού (κατ' αποκοπή κόστ | Budget ex VAT: 15,725.81",PB4 ATHENA R.C.,2026-09-01,2026-09-01,To Do,CC24;DIRECT
26 Supply of equipment,PB4 ATHENA R.C.,"Deliverable: 3.1 | Technical Requirements and System Configuration | Procedure: DIRECT | Cost category: 24|Δαπάνες προσωπικού (κατ' αποκοπή κόστ | Budget ex VAT: 8,548.39",PB4 ATHENA R.C.,2026-03-30,2026-04-20,Completed,CC24;DIRECT
27 Financial Management and Legal/ Regulatory compliance,PB5 DIAGNOSIS NGO,"Deliverable: 1.2 | Administrative Management | Procedure: IPA SERVICE <20000>2500 | Cost category: 24|Δαπάνες προσωπικού (κατ' αποκοπή κόστ | Budget ex VAT: 8,000.00 | Blocked: Simplified tender with three Lots / LOT1",PB5 DIAGNOSIS NGO,2026-04-20,2026-05-20,Completed,CC24;IPA SERVICE
28 IT/Telemedicine deployment services,PB5 DIAGNOSIS NGO,"Deliverable: 1.3 | Technical Management | Procedure: IPA SERVICE <20000>2500 | Cost category: 24|Δαπάνες προσωπικού (κατ' αποκοπή κόστ | Budget ex VAT: 7,000.00 | Blocked: Simplified tender with three Lots / LOT1",PB5 DIAGNOSIS NGO,2026-06-01,2026-07-01,Completed,CC24;IPA SERVICE
29 Independent technical specifications for equipment & interoperability,PB5 DIAGNOSIS NGO,"Deliverable: 3.1 | Technical Requirements and System Configuration | Procedure: IPA SERVICE <2500 | Cost category: 24|Δαπάνες προσωπικού (κατ' αποκοπή κόστ | Budget ex VAT: 2,000.00 | Blocked: Simplified tender with three Lots / LOT1",PB5 DIAGNOSIS NGO,2026-11-02,2026-12-02,Completed,CC24;IPA SERVICE <2500
30 Medical equipment supply,PB5 DIAGNOSIS NGO,"Deliverable: 3.2 | Equipment Procurement | Procedure: IPA SUPPLY >20000 & <100000 | Cost category: 24|Δαπάνες προσωπικού (κατ' αποκοπή κόστ | Budget ex VAT: 30,000.00 | Days late: 110",PB5 DIAGNOSIS NGO,2026-05-04,2026-06-04,In Progress,CC24;IPA SUPPLY >20000;LATE
31 Independent testing/validation,PB5 DIAGNOSIS NGO,"Deliverable: 3.5 | Integration with Healthcare Systems | Procedure: IPA SERVICE <2500 | Cost category: 24|Δαπάνες προσωπικού (κατ' αποκοπή κόστ | Budget ex VAT: 2,000.00 | Blocked: Simplified tender with three Lots / LOT1",PB5 DIAGNOSIS NGO,2026-11-16,2026-12-16,Completed,CC24;IPA SERVICE <2500
"32 Training, stakeholder engagement & dissemination support",PB5 DIAGNOSIS NGO,"Deliverable: 2.2 | Organization of Training Workshops | Procedure: IPA SERVICE <20000>2500 | Cost category: 24|Δαπάνες προσωπικού (κατ' αποκοπή κόστ | Budget ex VAT: 9,700.00 | Blocked: Simplified tender with three Lots / LOT2",PB5 DIAGNOSIS NGO,2027-01-11,2027-02-11,Completed,CC24;IPA SERVICE
33 Clinical outreach visits package,PB5 DIAGNOSIS NGO,"Deliverable: 4.1 | Scheduling of Specialized Medical Visits | Procedure: IPA SUPPLY >20000 & <100000 | Cost category: 24|Δαπάνες προσωπικού (κατ' αποκοπή κόστ | Budget ex VAT: 35,000.00 | Blocked: Simplified tender with three Lots / LOT3",PB5 DIAGNOSIS NGO,2026-05-04,2026-06-04,Completed,CC24;IPA SUPPLY >20000
34 Monitoring/feedback + sustainability + integration protocols,PB5 DIAGNOSIS NGO,"Deliverable: 4.4 | Monitoring and Evaluation of Training Impact | Procedure: IPA SERVICE <20000>2500 | Cost category: 24|Δαπάνες προσωπικού (κατ' αποκοπή κόστ | Budget ex VAT: 10,000.00 | Blocked: Simplified tender with three Lots / LOT1",PB5 DIAGNOSIS NGO,2027-05-10,2027-06-10,Completed,CC24;IPA SERVICE
