MIS;version;partner_no;partner;country;wp;deliverable;deliverable_title;Προσωπικό;Γενικά έξοδα;Ταξίδια/διαμονή;Εξωτ. εμπειρογνωμοσύνη;Εξοπλισμός;Υποδομή/επενδύσεις;total
6010952;1.2;1;ΕΠΙΤΕΛΙΚΗ ΔΟΜΗ ΕΣΠΑ ΥΠΟΥΡΓΕΙΟΥ ΥΓΕΙΑΣ;Ελλάδα;1;Π 1.1;;444,64;66,70;63,16;2500,00;0,00;0,00;3074,50
6010952;1.2;1;ΕΠΙΤΕΛΙΚΗ ΔΟΜΗ ΕΣΠΑ ΥΠΟΥΡΓΕΙΟΥ ΥΓΕΙΑΣ;Ελλάδα;1;Π 1.2;Administrative Management;2845,71;426,86;404,32;16000,00;0,00;0,00;19676,89
6010952;1.2;1;ΕΠΙΤΕΛΙΚΗ ΔΟΜΗ ΕΣΠΑ ΥΠΟΥΡΓΕΙΟΥ ΥΓΕΙΑΣ;Ελλάδα;1;Π 1.4;Financial Management;1067,14;160,07;151,62;6000,00;0,00;0,00;7378,83
6010952;1.2;1;ΕΠΙΤΕΛΙΚΗ ΔΟΜΗ ΕΣΠΑ ΥΠΟΥΡΓΕΙΟΥ ΥΓΕΙΑΣ;Ελλάδα;2;Π 2.1;Public Awareness Campaign Launch;1956,43;293,47;277,98;11000,00;0,00;0,00;13527,88
6010952;1.2;1;ΕΠΙΤΕΛΙΚΗ ΔΟΜΗ ΕΣΠΑ ΥΠΟΥΡΓΕΙΟΥ ΥΓΕΙΑΣ;Ελλάδα;2;Π 2.2;Organization of Training Workshops;889,29;133,40;126,35;0,00;5000,00;0,00;6149,04
6010952;1.2;1;ΕΠΙΤΕΛΙΚΗ ΔΟΜΗ ΕΣΠΑ ΥΠΟΥΡΓΕΙΟΥ ΥΓΕΙΑΣ;Ελλάδα;2;Π 2.3;Stakeholder Engagement and Media Outreach;2970,21;445,53;422,02;16700,00;0,00;0,00;20537,76
6010952;1.2;1;ΕΠΙΤΕΛΙΚΗ ΔΟΜΗ ΕΣΠΑ ΥΠΟΥΡΓΕΙΟΥ ΥΓΕΙΑΣ;Ελλάδα;2;Π 2.4;;1209,43;181,42;171,84;6800,00;0,00;0,00;8362,69
6010952;1.2;1;ΕΠΙΤΕΛΙΚΗ ΔΟΜΗ ΕΣΠΑ ΥΠΟΥΡΓΕΙΟΥ ΥΓΕΙΑΣ;Ελλάδα;3;Π 3.1;;1600,71;240,11;227,44;9000,00;0,00;0,00;11068,26
6010952;1.2;1;ΕΠΙΤΕΛΙΚΗ ΔΟΜΗ ΕΣΠΑ ΥΠΟΥΡΓΕΙΟΥ ΥΓΕΙΑΣ;Ελλάδα;3;Π 3.5;Integration with Healthcare Systems;4001,79;600,30;568,59;15000,00;7500,00;0,00;27670,68
6010952;1.2;1;ΕΠΙΤΕΛΙΚΗ ΔΟΜΗ ΕΣΠΑ ΥΠΟΥΡΓΕΙΟΥ ΥΓΕΙΑΣ;Ελλάδα;4;Π 4.3;Capacity-Building Training Sessions;5828,73;874,31;828,17;32772,00;0,00;0,00;40303,21
6010952;1.2;1;ΕΠΙΤΕΛΙΚΗ ΔΟΜΗ ΕΣΠΑ ΥΠΟΥΡΓΕΙΟΥ ΥΓΕΙΑΣ;Ελλάδα;4;Π 4.4;Monitoring and Evaluation of Training Impact;1778,57;266,80;252,71;10000,00;0,00;0,00;12298,08
6010952;1.2;1;ΕΠΙΤΕΛΙΚΗ ΔΟΜΗ ΕΣΠΑ ΥΠΟΥΡΓΕΙΟΥ ΥΓΕΙΑΣ;Ελλάδα;5;Π 5.1;Sustainability Plan Development;1333,93;200,01;189,53;7500,00;0,00;0,00;9223,47
6010952;1.2;1;ΕΠΙΤΕΛΙΚΗ ΔΟΜΗ ΕΣΠΑ ΥΠΟΥΡΓΕΙΟΥ ΥΓΕΙΑΣ;Ελλάδα;5;Π 5.2;Monitoring and Evaluation;1778,57;266,79;252,71;10000,00;0,00;0,00;12298,07
6010952;1.2;1;ΕΠΙΤΕΛΙΚΗ ΔΟΜΗ ΕΣΠΑ ΥΠΟΥΡΓΕΙΟΥ ΥΓΕΙΑΣ;Ελλάδα;5;Π 5.3;Scaling Up Strategies;1333,93;200,09;189,53;7500,00;0,00;0,00;9223,55
6010952;1.2;1;ΕΠΙΤΕΛΙΚΗ ΔΟΜΗ ΕΣΠΑ ΥΠΟΥΡΓΕΙΟΥ ΥΓΕΙΑΣ;Ελλάδα;6;Π 6.1;;1422,86;213,43;202,17;8000,00;0,00;0,00;9838,46
6010952;1.2;2;REGIONAL COUNCIL OF VLORA;Αλβανία;1;Π 1.2;Administrative Management;757,90;111,58;113,68;6000,00;0,00;0,00;6983,16
6010952;1.2;2;REGIONAL COUNCIL OF VLORA;Αλβανία;1;Π 1.3;Technical Management;454,74;66,95;68,21;3600,00;0,00;0,00;4189,90
6010952;1.2;2;REGIONAL COUNCIL OF VLORA;Αλβανία;2;Π 2.2;Organization of Training Workshops;227,37;33,47;34,10;1800,00;0,00;0,00;2094,94
6010952;1.2;2;REGIONAL COUNCIL OF VLORA;Αλβανία;2;Π 2.3;Stakeholder Engagement and Media Outreach;252,63;37,19;37,89;2000,00;0,00;0,00;2327,71
6010952;1.2;2;REGIONAL COUNCIL OF VLORA;Αλβανία;2;Π 2.4;;341,05;50,21;51,16;2700,00;0,00;0,00;3142,42
6010952;1.2;2;REGIONAL COUNCIL OF VLORA;Αλβανία;3;Π 3.1;;252,63;37,19;37,89;2000,00;0,00;0,00;2327,71
6010952;1.2;2;REGIONAL COUNCIL OF VLORA;Αλβανία;3;Π 3.2;Equipment Procurement;7578,96;1115,79;1136,83;0,00;60000,00;0,00;69831,58
6010952;1.2;2;REGIONAL COUNCIL OF VLORA;Αλβανία;3;Π 3.3;;378,95;55,79;56,84;3000,00;0,00;0,00;3491,58
6010952;1.2;2;REGIONAL COUNCIL OF VLORA;Αλβανία;3;Π 3.4;Testing and Validation;378,95;55,79;56,84;3000,00;0,00;0,00;3491,58
6010952;1.2;2;REGIONAL COUNCIL OF VLORA;Αλβανία;3;Π 3.5;Integration with Healthcare Systems;378,95;55,79;56,84;3000,00;0,00;0,00;3491,58
6010952;1.2;2;REGIONAL COUNCIL OF VLORA;Αλβανία;4;Π 4.1;Scheduling of Specialized Medical Visits;5052,64;743,86;757,89;40000,00;0,00;0,00;46554,39
6010952;1.2;2;REGIONAL COUNCIL OF VLORA;Αλβανία;4;Π 4.2;Facilitation of Face-to-Face Consultations;3157,90;464,91;473,68;25000,00;0,00;0,00;29096,49
6010952;1.2;2;REGIONAL COUNCIL OF VLORA;Αλβανία;4;Π 4.3;Capacity-Building Training Sessions;505,26;74,39;75,79;4000,00;0,00;0,00;4655,44
6010952;1.2;2;REGIONAL COUNCIL OF VLORA;Αλβανία;4;Π 4.4;Monitoring and Evaluation of Training Impact;378,95;55,79;56,84;3000,00;0,00;0,00;3491,58
6010952;1.2;2;REGIONAL COUNCIL OF VLORA;Αλβανία;5;Π 5.1;Sustainability Plan Development;378,95;55,79;56,84;3000,00;0,00;0,00;3491,58
6010952;1.2;2;REGIONAL COUNCIL OF VLORA;Αλβανία;5;Π 5.2;Monitoring and Evaluation;315,79;46,49;47,37;2500,00;0,00;0,00;2909,65
6010952;1.2;2;REGIONAL COUNCIL OF VLORA;Αλβανία;5;Π 5.3;Scaling Up Strategies;378,95;55,79;56,84;3000,00;0,00;0,00;3491,58
6010952;1.2;3;ΓΕΝΙΚΟ ΝΟΣΟΚΟΜΕΙΟ ΦΙΛΙΑΤΩΝ;Ελλάδα;1;Π 1.2;Administrative Management;609,14;88,93;88,93;8000,00;0,00;0,00;8787,00
6010952;1.2;3;ΓΕΝΙΚΟ ΝΟΣΟΚΟΜΕΙΟ ΦΙΛΙΑΤΩΝ;Ελλάδα;1;Π 1.3;Technical Management;228,43;33,35;33,35;3000,00;0,00;0,00;3295,13
6010952;1.2;3;ΓΕΝΙΚΟ ΝΟΣΟΚΟΜΕΙΟ ΦΙΛΙΑΤΩΝ;Ελλάδα;1;Π 1.4;Financial Management;304,57;44,47;44,47;4000,00;0,00;0,00;4393,51
6010952;1.2;3;ΓΕΝΙΚΟ ΝΟΣΟΚΟΜΕΙΟ ΦΙΛΙΑΤΩΝ;Ελλάδα;2;Π 2.2;Organization of Training Workshops;182,74;26,68;26,68;2400,00;0,00;0,00;2636,10
6010952;1.2;3;ΓΕΝΙΚΟ ΝΟΣΟΚΟΜΕΙΟ ΦΙΛΙΑΤΩΝ;Ελλάδα;2;Π 2.4;;456,85;66,70;66,70;6000,00;0,00;0,00;6590,25
6010952;1.2;3;ΓΕΝΙΚΟ ΝΟΣΟΚΟΜΕΙΟ ΦΙΛΙΑΤΩΝ;Ελλάδα;3;Π 3.1;;228,43;33,35;33,35;3000,00;0,00;0,00;3295,13
6010952;1.2;3;ΓΕΝΙΚΟ ΝΟΣΟΚΟΜΕΙΟ ΦΙΛΙΑΤΩΝ;Ελλάδα;3;Π 3.2;Equipment Procurement;9137,07;1334,00;1334,01;0,00;120000,00;0,00;131805,08
6010952;1.2;3;ΓΕΝΙΚΟ ΝΟΣΟΚΟΜΕΙΟ ΦΙΛΙΑΤΩΝ;Ελλάδα;3;Π 3.3;;228,43;33,35;33,35;3000,00;0,00;0,00;3295,13
6010952;1.2;3;ΓΕΝΙΚΟ ΝΟΣΟΚΟΜΕΙΟ ΦΙΛΙΑΤΩΝ;Ελλάδα;3;Π 3.5;Integration with Healthcare Systems;228,43;33,35;33,35;3000,00;0,00;0,00;3295,13
6010952;1.2;3;ΓΕΝΙΚΟ ΝΟΣΟΚΟΜΕΙΟ ΦΙΛΙΑΤΩΝ;Ελλάδα;4;Π 4.1;Scheduling of Specialized Medical Visits;1142,13;166,75;166,75;15000,00;0,00;0,00;16475,63
6010952;1.2;3;ΓΕΝΙΚΟ ΝΟΣΟΚΟΜΕΙΟ ΦΙΛΙΑΤΩΝ;Ελλάδα;4;Π 4.2;Facilitation of Face-to-Face Consultations;761,42;111,17;111,17;10000,00;0,00;0,00;10983,76
6010952;1.2;3;ΓΕΝΙΚΟ ΝΟΣΟΚΟΜΕΙΟ ΦΙΛΙΑΤΩΝ;Ελλάδα;4;Π 4.3;Capacity-Building Training Sessions;342,64;50,03;50,03;4500,00;0,00;0,00;4942,70
6010952;1.2;3;ΓΕΝΙΚΟ ΝΟΣΟΚΟΜΕΙΟ ΦΙΛΙΑΤΩΝ;Ελλάδα;4;Π 4.4;Monitoring and Evaluation of Training Impact;380,71;55,58;55,58;5000,00;0,00;0,00;5491,87
6010952;1.2;3;ΓΕΝΙΚΟ ΝΟΣΟΚΟΜΕΙΟ ΦΙΛΙΑΤΩΝ;Ελλάδα;5;Π 5.1;Sustainability Plan Development;228,43;33,35;33,35;3000,00;0,00;0,00;3295,13
6010952;1.2;3;ΓΕΝΙΚΟ ΝΟΣΟΚΟΜΕΙΟ ΦΙΛΙΑΤΩΝ;Ελλάδα;5;Π 5.2;Monitoring and Evaluation;228,43;33,35;33,35;3000,00;0,00;0,00;3295,13
6010952;1.2;3;ΓΕΝΙΚΟ ΝΟΣΟΚΟΜΕΙΟ ΦΙΛΙΑΤΩΝ;Ελλάδα;5;Π 5.3;Scaling Up Strategies;228,43;33,35;33,35;3000,00;0,00;0,00;3295,13
6010952;1.2;4;ΑΘΗΝΑ ΕΡΕΥΝΗΤΙΚΟ ΚΕΝΤΡΟ ΚΑΙΝΟΤΟΜΙΑΣ ΣΤΙΣ ΤΕΧΝΟΛΟΓΙΕΣ ΤΗΣ ΠΛΗΡΟΦΟΡΙΑΣ ΤΩΝ ΕΠΙΚΟΙΝΩΝΙΩΝ ΚΑΙ ΤΗΣ ΓΝΩΣΗΣ;Ελλάδα;1;Π 1.2;Administrative Management;4050,00;236,51;105,27;2000,00;0,00;0,00;6391,78
6010952;1.2;4;ΑΘΗΝΑ ΕΡΕΥΝΗΤΙΚΟ ΚΕΝΤΡΟ ΚΑΙΝΟΤΟΜΙΑΣ ΣΤΙΣ ΤΕΧΝΟΛΟΓΙΕΣ ΤΗΣ ΠΛΗΡΟΦΟΡΙΑΣ ΤΩΝ ΕΠΙΚΟΙΝΩΝΙΩΝ ΚΑΙ ΤΗΣ ΓΝΩΣΗΣ;Ελλάδα;1;Π 1.3;Technical Management;2400,00;140,15;62,38;0,00;0,00;0,00;2602,53
6010952;1.2;4;ΑΘΗΝΑ ΕΡΕΥΝΗΤΙΚΟ ΚΕΝΤΡΟ ΚΑΙΝΟΤΟΜΙΑΣ ΣΤΙΣ ΤΕΧΝΟΛΟΓΙΕΣ ΤΗΣ ΠΛΗΡΟΦΟΡΙΑΣ ΤΩΝ ΕΠΙΚΟΙΝΩΝΙΩΝ ΚΑΙ ΤΗΣ ΓΝΩΣΗΣ;Ελλάδα;1;Π 1.4;Financial Management;2400,00;140,15;62,38;2400,00;0,00;0,00;5002,53
6010952;1.2;4;ΑΘΗΝΑ ΕΡΕΥΝΗΤΙΚΟ ΚΕΝΤΡΟ ΚΑΙΝΟΤΟΜΙΑΣ ΣΤΙΣ ΤΕΧΝΟΛΟΓΙΕΣ ΤΗΣ ΠΛΗΡΟΦΟΡΙΑΣ ΤΩΝ ΕΠΙΚΟΙΝΩΝΙΩΝ ΚΑΙ ΤΗΣ ΓΝΩΣΗΣ;Ελλάδα;2;Π 2.4;;2500,00;145,99;64,98;0,00;0,00;0,00;2710,97
6010952;1.2;4;ΑΘΗΝΑ ΕΡΕΥΝΗΤΙΚΟ ΚΕΝΤΡΟ ΚΑΙΝΟΤΟΜΙΑΣ ΣΤΙΣ ΤΕΧΝΟΛΟΓΙΕΣ ΤΗΣ ΠΛΗΡΟΦΟΡΙΑΣ ΤΩΝ ΕΠΙΚΟΙΝΩΝΙΩΝ ΚΑΙ ΤΗΣ ΓΝΩΣΗΣ;Ελλάδα;2;Π 2.5;;2500,00;145,99;64,98;4632,00;0,00;0,00;7342,97
6010952;1.2;4;ΑΘΗΝΑ ΕΡΕΥΝΗΤΙΚΟ ΚΕΝΤΡΟ ΚΑΙΝΟΤΟΜΙΑΣ ΣΤΙΣ ΤΕΧΝΟΛΟΓΙΕΣ ΤΗΣ ΠΛΗΡΟΦΟΡΙΑΣ ΤΩΝ ΕΠΙΚΟΙΝΩΝΙΩΝ ΚΑΙ ΤΗΣ ΓΝΩΣΗΣ;Ελλάδα;3;Π 3.1;;9500,00;554,77;246,92;0,00;5800,00;0,00;16101,69
6010952;1.2;4;ΑΘΗΝΑ ΕΡΕΥΝΗΤΙΚΟ ΚΕΝΤΡΟ ΚΑΙΝΟΤΟΜΙΑΣ ΣΤΙΣ ΤΕΧΝΟΛΟΓΙΕΣ ΤΗΣ ΠΛΗΡΟΦΟΡΙΑΣ ΤΩΝ ΕΠΙΚΟΙΝΩΝΙΩΝ ΚΑΙ ΤΗΣ ΓΝΩΣΗΣ;Ελλάδα;3;Π 3.3;;10000,00;583,97;259,91;0,00;4800,00;0,00;15643,88
6010952;1.2;4;ΑΘΗΝΑ ΕΡΕΥΝΗΤΙΚΟ ΚΕΝΤΡΟ ΚΑΙΝΟΤΟΜΙΑΣ ΣΤΙΣ ΤΕΧΝΟΛΟΓΙΕΣ ΤΗΣ ΠΛΗΡΟΦΟΡΙΑΣ ΤΩΝ ΕΠΙΚΟΙΝΩΝΙΩΝ ΚΑΙ ΤΗΣ ΓΝΩΣΗΣ;Ελλάδα;3;Π 3.4;Testing and Validation;10000,00;583,97;259,91;0,00;0,00;0,00;10843,88
6010952;1.2;4;ΑΘΗΝΑ ΕΡΕΥΝΗΤΙΚΟ ΚΕΝΤΡΟ ΚΑΙΝΟΤΟΜΙΑΣ ΣΤΙΣ ΤΕΧΝΟΛΟΓΙΕΣ ΤΗΣ ΠΛΗΡΟΦΟΡΙΑΣ ΤΩΝ ΕΠΙΚΟΙΝΩΝΙΩΝ ΚΑΙ ΤΗΣ ΓΝΩΣΗΣ;Ελλάδα;3;Π 3.5;Integration with Healthcare Systems;10000,00;583,97;259,91;10000,00;0,00;0,00;20843,88
6010952;1.2;4;ΑΘΗΝΑ ΕΡΕΥΝΗΤΙΚΟ ΚΕΝΤΡΟ ΚΑΙΝΟΤΟΜΙΑΣ ΣΤΙΣ ΤΕΧΝΟΛΟΓΙΕΣ ΤΗΣ ΠΛΗΡΟΦΟΡΙΑΣ ΤΩΝ ΕΠΙΚΟΙΝΩΝΙΩΝ ΚΑΙ ΤΗΣ ΓΝΩΣΗΣ;Ελλάδα;4;Π 4.1;Scheduling of Specialized Medical Visits;10000,00;583,97;259,91;0,00;0,00;0,00;10843,88
6010952;1.2;4;ΑΘΗΝΑ ΕΡΕΥΝΗΤΙΚΟ ΚΕΝΤΡΟ ΚΑΙΝΟΤΟΜΙΑΣ ΣΤΙΣ ΤΕΧΝΟΛΟΓΙΕΣ ΤΗΣ ΠΛΗΡΟΦΟΡΙΑΣ ΤΩΝ ΕΠΙΚΟΙΝΩΝΙΩΝ ΚΑΙ ΤΗΣ ΓΝΩΣΗΣ;Ελλάδα;4;Π 4.3;Capacity-Building Training Sessions;7500,00;437,97;194,94;0,00;0,00;0,00;8132,91
6010952;1.2;4;ΑΘΗΝΑ ΕΡΕΥΝΗΤΙΚΟ ΚΕΝΤΡΟ ΚΑΙΝΟΤΟΜΙΑΣ ΣΤΙΣ ΤΕΧΝΟΛΟΓΙΕΣ ΤΗΣ ΠΛΗΡΟΦΟΡΙΑΣ ΤΩΝ ΕΠΙΚΟΙΝΩΝΙΩΝ ΚΑΙ ΤΗΣ ΓΝΩΣΗΣ;Ελλάδα;4;Π 4.4;Monitoring and Evaluation of Training Impact;7500,00;437,97;194,94;0,00;0,00;0,00;8132,91
6010952;1.2;4;ΑΘΗΝΑ ΕΡΕΥΝΗΤΙΚΟ ΚΕΝΤΡΟ ΚΑΙΝΟΤΟΜΙΑΣ ΣΤΙΣ ΤΕΧΝΟΛΟΓΙΕΣ ΤΗΣ ΠΛΗΡΟΦΟΡΙΑΣ ΤΩΝ ΕΠΙΚΟΙΝΩΝΙΩΝ ΚΑΙ ΤΗΣ ΓΝΩΣΗΣ;Ελλάδα;5;Π 5.1;Sustainability Plan Development;2500,00;145,99;64,98;7500,00;0,00;0,00;10210,97
6010952;1.2;4;ΑΘΗΝΑ ΕΡΕΥΝΗΤΙΚΟ ΚΕΝΤΡΟ ΚΑΙΝΟΤΟΜΙΑΣ ΣΤΙΣ ΤΕΧΝΟΛΟΓΙΕΣ ΤΗΣ ΠΛΗΡΟΦΟΡΙΑΣ ΤΩΝ ΕΠΙΚΟΙΝΩΝΙΩΝ ΚΑΙ ΤΗΣ ΓΝΩΣΗΣ;Ελλάδα;5;Π 5.2;Monitoring and Evaluation;2500,00;145,99;64,98;6000,00;0,00;0,00;8710,97
6010952;1.2;4;ΑΘΗΝΑ ΕΡΕΥΝΗΤΙΚΟ ΚΕΝΤΡΟ ΚΑΙΝΟΤΟΜΙΑΣ ΣΤΙΣ ΤΕΧΝΟΛΟΓΙΕΣ ΤΗΣ ΠΛΗΡΟΦΟΡΙΑΣ ΤΩΝ ΕΠΙΚΟΙΝΩΝΙΩΝ ΚΑΙ ΤΗΣ ΓΝΩΣΗΣ;Ελλάδα;5;Π 5.3;Scaling Up Strategies;2500,00;145,99;64,98;6000,00;0,00;0,00;8710,97
6010952;1.2;5;NGO DIAGNOSIS;Αλβανία;1;Π 1.2;Administrative Management;588,80;86,68;88,32;4000,00;0,00;0,00;4763,80
6010952;1.2;5;NGO DIAGNOSIS;Αλβανία;1;Π 1.3;Technical Management;441,60;65,01;66,24;3000,00;0,00;0,00;3572,85
6010952;1.2;5;NGO DIAGNOSIS;Αλβανία;1;Π 1.4;Financial Management;496,06;73,03;74,41;3370,00;0,00;0,00;4013,50
6010952;1.2;5;NGO DIAGNOSIS;Αλβανία;2;Π 2.2;Organization of Training Workshops;294,40;43,34;44,16;2000,00;0,00;0,00;2381,90
6010952;1.2;5;NGO DIAGNOSIS;Αλβανία;2;Π 2.3;Stakeholder Engagement and Media Outreach;294,40;43,34;44,16;2000,00;0,00;0,00;2381,90
6010952;1.2;5;NGO DIAGNOSIS;Αλβανία;2;Π 2.4;;397,44;58,51;59,62;2700,00;0,00;0,00;3215,57
6010952;1.2;5;NGO DIAGNOSIS;Αλβανία;3;Π 3.1;;294,40;43,34;44,16;2000,00;0,00;0,00;2381,90
6010952;1.2;5;NGO DIAGNOSIS;Αλβανία;3;Π 3.2;Equipment Procurement;4416,00;651,13;662,39;0,00;30000,00;0,00;35729,52
6010952;1.2;5;NGO DIAGNOSIS;Αλβανία;3;Π 3.3;;294,40;43,34;44,16;2000,00;0,00;0,00;2381,90
6010952;1.2;5;NGO DIAGNOSIS;Αλβανία;3;Π 3.4;Testing and Validation;294,40;43,34;44,16;2000,00;0,00;0,00;2381,90
6010952;1.2;5;NGO DIAGNOSIS;Αλβανία;3;Π 3.5;Integration with Healthcare Systems;294,40;43,34;44,16;2000,00;0,00;0,00;2381,90
6010952;1.2;5;NGO DIAGNOSIS;Αλβανία;4;Π 4.1;Scheduling of Specialized Medical Visits;3183,93;468,74;477,58;21630,00;0,00;0,00;25760,25
6010952;1.2;5;NGO DIAGNOSIS;Αλβανία;4;Π 4.2;Facilitation of Face-to-Face Consultations;2060,80;303,39;309,12;14000,00;0,00;0,00;16673,31
6010952;1.2;5;NGO DIAGNOSIS;Αλβανία;4;Π 4.3;Capacity-Building Training Sessions;441,60;65,01;66,24;3000,00;0,00;0,00;3572,85
6010952;1.2;5;NGO DIAGNOSIS;Αλβανία;4;Π 4.4;Monitoring and Evaluation of Training Impact;294,40;43,34;44,16;2000,00;0,00;0,00;2381,90
6010952;1.2;5;NGO DIAGNOSIS;Αλβανία;5;Π 5.1;Sustainability Plan Development;441,60;65,01;66,24;3000,00;0,00;0,00;3572,85
6010952;1.2;5;NGO DIAGNOSIS;Αλβανία;5;Π 5.2;Monitoring and Evaluation;441,60;65,01;66,24;3000,00;0,00;0,00;3572,85
6010952;1.2;5;NGO DIAGNOSIS;Αλβανία;5;Π 5.3;Scaling Up Strategies;441,60;65,01;66,24;3000,00;0,00;0,00;3572,85
